# SQL Manager 2005 Lite for MySQL 3.7.0.1
# ---------------------------------------
# Host     : localhost
# Port     : 3306
# Database : high-school


SET FOREIGN_KEY_CHECKS=0;

DROP DATABASE IF EXISTS `high-school`;

CREATE DATABASE `high-school`
    CHARACTER SET 'latin1'
    COLLATE 'latin1_swedish_ci';

USE `high-school`;

#
# Structure for the `persons` table : 
#

DROP TABLE IF EXISTS `persons`;

CREATE TABLE `persons` (
  `dni` int(8) unsigned NOT NULL,
  `firstName` varchar(25) default NULL,
  `lastName` varchar(25) default NULL,
  `dateOfBirth` date default NULL,
  `registrationNumber` int(7) default NULL,
  `type` varchar(20) default NULL,
  PRIMARY KEY  (`dni`)
) ENGINE=InnoDB DEFAULT CHARSET=latin1;

#
# Structure for the `courses` table : 
#

DROP TABLE IF EXISTS `courses`;

CREATE TABLE `courses` (
  `idCourse` int(11) unsigned NOT NULL auto_increment,
  `name` varchar(25) default NULL,
  `hoursByWeek` int(11) unsigned default NULL,
  `teacherDni` int(8) unsigned NOT NULL,
  PRIMARY KEY  (`idCourse`),
  KEY `courses_fk` (`teacherDni`),
  CONSTRAINT `courses_fk` FOREIGN KEY (`teacherDni`) REFERENCES `persons` (`dni`)
) ENGINE=InnoDB DEFAULT CHARSET=latin1;

#
# Structure for the `days` table : 
#

DROP TABLE IF EXISTS `days`;

CREATE TABLE `days` (
  `idDay` int(1) unsigned NOT NULL auto_increment,
  `name` varchar(20) NOT NULL,
  PRIMARY KEY  (`idDay`)
) ENGINE=InnoDB DEFAULT CHARSET=latin1;

#
# Structure for the `exams` table : 
#

DROP TABLE IF EXISTS `exams`;

CREATE TABLE `exams` (
  `idExam` int(11) unsigned NOT NULL auto_increment,
  `type` varchar(20) NOT NULL,
  PRIMARY KEY  (`idExam`)
) ENGINE=InnoDB DEFAULT CHARSET=latin1;

#
# Structure for the `students_courses` table : 
#

DROP TABLE IF EXISTS `students_courses`;

CREATE TABLE `students_courses` (
  `dni` int(8) unsigned NOT NULL,
  `idCourse` int(11) unsigned NOT NULL default '1',
  `year` int(11) unsigned NOT NULL default '2017',
  PRIMARY KEY  (`dni`,`idCourse`,`year`),
  KEY `dni` (`dni`),
  KEY `idCourse` (`idCourse`),
  CONSTRAINT `students_courses_fk` FOREIGN KEY (`dni`) REFERENCES `persons` (`dni`),
  CONSTRAINT `students_courses_fk1` FOREIGN KEY (`idCourse`) REFERENCES `courses` (`idCourse`)
) ENGINE=InnoDB DEFAULT CHARSET=latin1;

#
# Structure for the `exams_students_courses` table : 
#

DROP TABLE IF EXISTS `exams_students_courses`;

CREATE TABLE `exams_students_courses` (
  `idExamn` int(11) unsigned NOT NULL,
  `dni` int(8) unsigned NOT NULL,
  `idCourse` int(11) unsigned NOT NULL,
  `year` int(11) unsigned NOT NULL,
  `date` varchar(20) default NULL,
  `grade` double(15,2) default NULL,
  PRIMARY KEY  (`idExamn`,`dni`,`idCourse`,`year`),
  KEY `idExamn` (`idExamn`),
  KEY `dni` (`dni`,`idCourse`,`year`),
  CONSTRAINT `exams_students_courses_fk` FOREIGN KEY (`idExamn`) REFERENCES `exams` (`idExam`),
  CONSTRAINT `exams_students_courses_fk1` FOREIGN KEY (`dni`, `idCourse`, `year`) REFERENCES `students_courses` (`dni`, `idCourse`, `year`)
) ENGINE=InnoDB DEFAULT CHARSET=latin1;

#
# Structure for the `schedule_time` table : 
#

DROP TABLE IF EXISTS `schedule_time`;

CREATE TABLE `schedule_time` (
  `idCourse` int(11) unsigned NOT NULL auto_increment,
  `idDay` int(1) unsigned NOT NULL,
  `hoursByDay` int(11) default NULL,
  `from` int(11) default NULL,
  `upTo` int(11) default NULL,
  PRIMARY KEY  (`idCourse`,`idDay`),
  KEY `idCourse` (`idCourse`),
  KEY `idDay` (`idDay`),
  CONSTRAINT `schedule_time_fk` FOREIGN KEY (`idCourse`) REFERENCES `courses` (`idCourse`),
  CONSTRAINT `schedule_time_fk1` FOREIGN KEY (`idDay`) REFERENCES `days` (`idDay`)
) ENGINE=InnoDB DEFAULT CHARSET=latin1;

#
# Data for the `persons` table  (LIMIT 0,500)
#

INSERT INTO `persons` (`dni`, `firstName`, `lastName`, `dateOfBirth`, `registrationNumber`, `type`) VALUES 
  (10656286,'Bitwolf','Hugland','1980-11-08',NULL,'teacher'),
  (10756901,'Matsoft','Emburey','1978-11-03',NULL,'teacher'),
  (12177468,'Asoka','Burne','1992-01-31',NULL,'teacher'),
  (12196574,'Tres-Zap','Vian','1995-01-28',912845,'student'),
  (12791580,'Tin','Dyte','1994-06-20',337561,'student'),
  (18930620,'Pannier','Jagson','1991-09-08',240825,'student'),
  (19312718,'Flexidy','Fay','1994-11-23',870123,'student'),
  (20101799,'Zathin','Howey','1991-07-22',607943,'student'),
  (20479679,'Subin','Eppson','1993-10-17',718297,'student'),
  (23160754,'Vagram','Shercliff','1991-01-23',760849,'student'),
  (25485912,'Overhold','Didball','1994-11-23',781432,'student'),
  (26706236,'Zathin','Grigoli','1994-11-17',174394,'student'),
  (28009409,'Matsoft','Romao','1994-05-20',517055,'student'),
  (28571764,'Aerified','Itzhak','1990-06-27',911894,'student'),
  (30587983,'Temp','Stegell','1993-05-30',168051,'student'),
  (36798066,'Sonair','Fearneley','1991-10-24',559368,'student'),
  (37419929,'Solarbreeze','Briddle','1991-06-03',288757,'student'),
  (37806199,'Vagram','Ubanks','1990-08-01',290169,'student'),
  (39381856,'Asoka','Ucceli','1994-11-30',248907,'student'),
  (40391828,'Trippledex','Leetham','1991-09-02',961790,'student'),
  (42214006,'Mat Lam Tam','Chesson','1991-05-04',594562,'student'),
  (42430650,'Biodex','Witherden','1993-03-19',974707,'student'),
  (45345121,'Bitchip','Lovewell','1993-04-25',938533,'student'),
  (46354331,'Asoka','Jonsson','1993-06-30',934586,'student'),
  (47267549,'Alphazap','Holbie','1995-01-09',847447,'student'),
  (48522104,'Andalax','Fashion','1991-04-12',984817,'student'),
  (49218219,'Aerified','Pude','1992-01-21',633301,'student'),
  (51317692,'It','Hedditch','1994-01-07',989423,'student'),
  (55345863,'Home Ing','Tweedie','1992-05-21',823195,'student'),
  (59072514,'Treeflex','Clemmow','1991-10-29',531452,'student'),
  (59903724,'Stringtough','Micklewicz','1995-01-14',637942,'student'),
  (69063979,'Domainer','Hanshaw','1991-09-14',569755,'student'),
  (69545773,'Ronstring','Everleigh','1994-11-24',351021,'student'),
  (71486856,'Stronghold','Trematick','1994-05-08',165326,'student'),
  (71550738,'Job','Wychard','1990-11-03',980960,'student'),
  (72042320,'Bytecard','Marco','1994-06-29',815033,'student'),
  (74488408,'Holdlamis','Poskitt','1990-08-17',711424,'student'),
  (75050617,'Fixflex','Livingstone','1993-12-29',441473,'student'),
  (78136281,'Andalax','Battany','1995-04-22',831437,'student'),
  (78293433,'Lotlux','Breslin','1993-05-11',878877,'student'),
  (78442501,'Stronghold','Daveley','1990-11-27',591823,'student'),
  (79905931,'Asoka','Mechic','1993-02-11',550300,'student'),
  (82940941,'Ventosanzap','Polamontayne','1990-07-12',730199,'student'),
  (83660559,'Tin','Geraldini','1993-06-11',190781,'student'),
  (87231056,'Stringtough','Haward','1994-09-26',467838,'student'),
  (87259726,'Konklab','Josephi','1993-02-09',874956,'student'),
  (91872427,'Alphazap','Sapauton','1992-07-05',985506,'student'),
  (92535110,'Lotstring','Bru','1994-11-18',460431,'student'),
  (94991917,'Flowdesk','Briztman','1992-03-28',628676,'student'),
  (95160269,'Latlux','Haig','1991-07-22',360861,'student');

COMMIT;

#
# Data for the `courses` table  (LIMIT 0,500)
#

INSERT INTO `courses` (`idCourse`, `name`, `hoursByWeek`, `teacherDni`) VALUES 
  (1,'mathematics',6,10656286),
  (2,'natural Sciences',8,10756901),
  (3,'literature',5,10756901),
  (4,'political Sciences',6,12177468),
  (5,'music',2,10656286);

COMMIT;

#
# Data for the `days` table  (LIMIT 0,500)
#

INSERT INTO `days` (`idDay`, `name`) VALUES 
  (1,'sunday'),
  (2,'monday'),
  (3,'tuesday'),
  (4,'wednesday'),
  (5,'thursday'),
  (6,'friday'),
  (7,'saturday');

COMMIT;

#
# Data for the `exams` table  (LIMIT 0,500)
#

INSERT INTO `exams` (`idExam`, `type`) VALUES 
  (1,'final'),
  (2,'partial1'),
  (3,'partial2'),
  (4,'partial3');

COMMIT;

#
# Data for the `students_courses` table  (LIMIT 0,500)
#

INSERT INTO `students_courses` (`dni`, `idCourse`, `year`) VALUES 
  (12196574,1,2017),
  (12791580,1,2017),
  (18930620,1,2017),
  (19312718,1,2017),
  (19312718,3,2017),
  (20101799,1,2017),
  (20101799,3,2017),
  (20479679,1,2017),
  (20479679,3,2017),
  (23160754,1,2017),
  (25485912,1,2017),
  (26706236,1,2017),
  (28009409,1,2017),
  (28571764,1,2017),
  (28571764,2,2017),
  (30587983,1,2017),
  (30587983,2,2017),
  (36798066,1,2017),
  (36798066,2,2017),
  (37419929,1,2017),
  (37419929,2,2017),
  (37806199,1,2017),
  (37806199,2,2017),
  (37806199,4,2017),
  (39381856,1,2017),
  (39381856,2,2017),
  (39381856,4,2017),
  (40391828,1,2017),
  (40391828,2,2017),
  (40391828,4,2017),
  (42214006,1,2017),
  (42214006,2,2017),
  (42214006,4,2017),
  (42430650,1,2017),
  (42430650,2,2017),
  (42430650,4,2017),
  (45345121,1,2017),
  (45345121,2,2017),
  (45345121,4,2017),
  (46354331,2,2017),
  (46354331,4,2017),
  (47267549,2,2017),
  (47267549,4,2017),
  (48522104,2,2017),
  (48522104,4,2017),
  (49218219,2,2017),
  (49218219,4,2017),
  (51317692,2,2017),
  (51317692,4,2017),
  (55345863,2,2017),
  (55345863,4,2017),
  (59072514,2,2017),
  (59072514,4,2017),
  (59903724,2,2017),
  (59903724,4,2017),
  (59903724,5,2017),
  (69063979,2,2017),
  (69063979,4,2017),
  (69063979,5,2017),
  (69545773,2,2017),
  (69545773,4,2017),
  (69545773,5,2017),
  (71486856,3,2017),
  (71486856,4,2017),
  (71486856,5,2017),
  (71550738,3,2017),
  (71550738,4,2017),
  (71550738,5,2017),
  (72042320,3,2017),
  (72042320,4,2017),
  (72042320,5,2017),
  (74488408,3,2017),
  (74488408,4,2017),
  (74488408,5,2017),
  (75050617,3,2017),
  (75050617,5,2017),
  (78136281,3,2017),
  (78136281,5,2017),
  (78293433,3,2017),
  (78293433,5,2017),
  (78442501,3,2017),
  (78442501,5,2017),
  (79905931,3,2017),
  (79905931,5,2017),
  (82940941,3,2017),
  (82940941,5,2017),
  (83660559,3,2017),
  (83660559,5,2017),
  (87231056,3,2017),
  (87231056,5,2017),
  (87259726,3,2017),
  (87259726,5,2017),
  (91872427,3,2017),
  (91872427,5,2017),
  (92535110,3,2017),
  (92535110,5,2017),
  (94991917,3,2017),
  (94991917,5,2017),
  (95160269,3,2017),
  (95160269,5,2017);

COMMIT;

#
# Data for the `exams_students_courses` table  (LIMIT 0,500)
#

INSERT INTO `exams_students_courses` (`idExamn`, `dni`, `idCourse`, `year`, `date`, `grade`) VALUES 
  (1,12196574,1,2017,'2017-11-01',6),
  (1,12791580,1,2017,'2017-11-01',4),
  (1,18930620,1,2017,'2017-11-01',8),
  (1,19312718,1,2017,'2017-11-01',10),
  (1,19312718,3,2017,'2017-11-01',6),
  (1,20101799,1,2017,'2017-11-01',4),
  (1,20101799,3,2017,'2017-11-01',3),
  (1,20479679,1,2017,'2017-11-01',6),
  (1,20479679,3,2017,'2017-11-01',5),
  (1,23160754,1,2017,'2017-11-01',5),
  (1,25485912,1,2017,'2017-11-01',1),
  (1,26706236,1,2017,'2017-11-01',7),
  (1,28009409,1,2017,'2017-11-01',7),
  (1,28571764,1,2017,'2017-11-01',2),
  (1,28571764,2,2017,'2017-11-01',2),
  (1,30587983,1,2017,'2017-11-01',2),
  (1,30587983,2,2017,'2017-11-01',10),
  (1,36798066,1,2017,'2017-11-01',7),
  (1,36798066,2,2017,'2017-11-01',9),
  (1,37419929,1,2017,'2017-11-01',7),
  (1,37419929,2,2017,'2017-11-01',6),
  (1,37806199,1,2017,'2017-11-01',1),
  (1,37806199,2,2017,'2017-11-01',6),
  (1,37806199,4,2017,'2017-11-01',2),
  (1,39381856,1,2017,'2017-11-01',8),
  (1,39381856,2,2017,'2017-11-01',2),
  (1,39381856,4,2017,'2017-11-01',10),
  (1,40391828,1,2017,'2017-11-01',1),
  (1,40391828,2,2017,'2017-11-01',4),
  (1,40391828,4,2017,'2017-11-01',9),
  (1,42214006,1,2017,'2017-11-01',7),
  (1,42214006,2,2017,'2017-11-01',6),
  (1,42214006,4,2017,'2017-11-01',2),
  (1,42430650,1,2017,'2017-11-01',10),
  (1,42430650,2,2017,'2017-11-01',1),
  (1,42430650,4,2017,'2017-11-01',1),
  (1,45345121,1,2017,'2017-11-01',8),
  (1,45345121,2,2017,'2017-11-01',5),
  (1,45345121,4,2017,'2017-11-01',6),
  (1,46354331,2,2017,'2017-11-01',1),
  (1,46354331,4,2017,'2017-11-01',6),
  (1,47267549,2,2017,'2017-11-01',5),
  (1,47267549,4,2017,'2017-11-01',10),
  (1,48522104,2,2017,'2017-11-01',4),
  (1,48522104,4,2017,'2017-11-01',10),
  (1,49218219,2,2017,'2017-11-01',6),
  (1,49218219,4,2017,'2017-11-01',6),
  (1,51317692,2,2017,'2017-11-01',10),
  (1,51317692,4,2017,'2017-11-01',1),
  (1,55345863,2,2017,'2017-11-01',2),
  (1,55345863,4,2017,'2017-11-01',2),
  (1,59072514,2,2017,'2017-11-01',2),
  (1,59072514,4,2017,'2017-11-01',8),
  (1,59903724,2,2017,'2017-11-01',5),
  (1,59903724,4,2017,'2017-11-01',8),
  (1,59903724,5,2017,'2017-11-01',2),
  (1,69063979,2,2017,'2017-11-01',9),
  (1,69063979,4,2017,'2017-11-01',5),
  (1,69063979,5,2017,'2017-11-01',10),
  (1,69545773,2,2017,'2017-11-01',10),
  (1,69545773,4,2017,'2017-11-01',8),
  (1,69545773,5,2017,'2017-11-01',3),
  (1,71486856,3,2017,'2017-11-01',8),
  (1,71486856,4,2017,'2017-11-01',10),
  (1,71486856,5,2017,'2017-11-01',8),
  (1,71550738,3,2017,'2017-11-01',2),
  (1,71550738,4,2017,'2017-11-01',4),
  (1,71550738,5,2017,'2017-11-01',10),
  (1,72042320,3,2017,'2017-11-01',5),
  (1,72042320,4,2017,'2017-11-01',2),
  (1,72042320,5,2017,'2017-11-01',5),
  (1,74488408,3,2017,'2017-11-01',7),
  (1,74488408,4,2017,'2017-11-01',3),
  (1,74488408,5,2017,'2017-11-01',9),
  (1,75050617,3,2017,'2017-11-01',3),
  (1,75050617,5,2017,'2017-11-01',5),
  (1,78136281,3,2017,'2017-11-01',2),
  (1,78136281,5,2017,'2017-11-01',2),
  (1,78293433,3,2017,'2017-11-01',4),
  (1,78293433,5,2017,'2017-11-01',3),
  (1,78442501,3,2017,'2017-11-01',9),
  (1,78442501,5,2017,'2017-11-01',9),
  (1,79905931,3,2017,'2017-11-01',4),
  (1,79905931,5,2017,'2017-11-01',3),
  (1,82940941,3,2017,'2017-11-01',6),
  (1,82940941,5,2017,'2017-11-01',3),
  (1,83660559,3,2017,'2017-11-01',7),
  (1,83660559,5,2017,'2017-11-01',9),
  (1,87231056,3,2017,'2017-11-01',2),
  (1,87231056,5,2017,'2017-11-01',4),
  (1,87259726,3,2017,'2017-11-01',10),
  (1,87259726,5,2017,'2017-11-01',7),
  (1,91872427,3,2017,'2017-11-01',3),
  (1,91872427,5,2017,'2017-11-01',4),
  (1,92535110,3,2017,'2017-11-01',10),
  (1,92535110,5,2017,'2017-11-01',4),
  (1,94991917,3,2017,'2017-11-01',6),
  (1,94991917,5,2017,'2017-11-01',3),
  (1,95160269,3,2017,'2017-11-01',5),
  (1,95160269,5,2017,'2017-11-01',7),
  (2,12196574,1,2017,'1969-12-31',6),
  (2,12791580,1,2017,'1969-12-31',4),
  (2,18930620,1,2017,'1969-12-31',8),
  (2,19312718,1,2017,'1969-12-31',10),
  (2,19312718,3,2017,'1969-12-31',6),
  (2,20101799,1,2017,'1969-12-31',4),
  (2,20101799,3,2017,'1969-12-31',3),
  (2,20479679,1,2017,'1969-12-31',6),
  (2,20479679,3,2017,'1969-12-31',5),
  (2,23160754,1,2017,'1969-12-31',5),
  (2,25485912,1,2017,'1969-12-31',1),
  (2,26706236,1,2017,'1969-12-31',7),
  (2,28009409,1,2017,'1969-12-31',7),
  (2,28571764,1,2017,'1969-12-31',2),
  (2,28571764,2,2017,'1969-12-31',2),
  (2,30587983,1,2017,'1969-12-31',2),
  (2,30587983,2,2017,'1969-12-31',10),
  (2,36798066,1,2017,'1969-12-31',7),
  (2,36798066,2,2017,'1969-12-31',9),
  (2,37419929,1,2017,'1969-12-31',7),
  (2,37419929,2,2017,'1969-12-31',6),
  (2,37806199,1,2017,'1969-12-31',1),
  (2,37806199,2,2017,'1969-12-31',6),
  (2,37806199,4,2017,'1969-12-31',2),
  (2,39381856,1,2017,'1969-12-31',8),
  (2,39381856,2,2017,'1969-12-31',2),
  (2,39381856,4,2017,'1969-12-31',10),
  (2,40391828,1,2017,'1969-12-31',1),
  (2,40391828,2,2017,'1969-12-31',4),
  (2,40391828,4,2017,'1969-12-31',9),
  (2,42214006,1,2017,'1969-12-31',7),
  (2,42214006,2,2017,'1969-12-31',6),
  (2,42214006,4,2017,'1969-12-31',2),
  (2,42430650,1,2017,'1969-12-31',10),
  (2,42430650,2,2017,'1969-12-31',1),
  (2,42430650,4,2017,'1969-12-31',1),
  (2,45345121,1,2017,'1969-12-31',8),
  (2,45345121,2,2017,'1969-12-31',5),
  (2,45345121,4,2017,'1969-12-31',6),
  (2,46354331,2,2017,'1969-12-31',1),
  (2,46354331,4,2017,'1969-12-31',6),
  (2,47267549,2,2017,'1969-12-31',5),
  (2,47267549,4,2017,'1969-12-31',10),
  (2,48522104,2,2017,'1969-12-31',4),
  (2,48522104,4,2017,'1969-12-31',10),
  (2,49218219,2,2017,'1969-12-31',6),
  (2,49218219,4,2017,'1969-12-31',6),
  (2,51317692,2,2017,'1969-12-31',10),
  (2,51317692,4,2017,'1969-12-31',1),
  (2,55345863,2,2017,'1969-12-31',2),
  (2,55345863,4,2017,'1969-12-31',2),
  (2,59072514,2,2017,'1969-12-31',2),
  (2,59072514,4,2017,'1969-12-31',8),
  (2,59903724,2,2017,'1969-12-31',5),
  (2,59903724,4,2017,'1969-12-31',8),
  (2,59903724,5,2017,'1969-12-31',2),
  (2,69063979,2,2017,'1969-12-31',9),
  (2,69063979,4,2017,'1969-12-31',5),
  (2,69063979,5,2017,'1969-12-31',10),
  (2,69545773,2,2017,'1969-12-31',10),
  (2,69545773,4,2017,'1969-12-31',8),
  (2,69545773,5,2017,'1969-12-31',3),
  (2,71486856,3,2017,'1969-12-31',8),
  (2,71486856,4,2017,'1969-12-31',10),
  (2,71486856,5,2017,'1969-12-31',8),
  (2,71550738,3,2017,'1969-12-31',2),
  (2,71550738,4,2017,'1969-12-31',4),
  (2,71550738,5,2017,'1969-12-31',10),
  (2,72042320,3,2017,'1969-12-31',5),
  (2,72042320,4,2017,'1969-12-31',2),
  (2,72042320,5,2017,'1969-12-31',5),
  (2,74488408,3,2017,'1969-12-31',7),
  (2,74488408,4,2017,'1969-12-31',3),
  (2,74488408,5,2017,'1969-12-31',9),
  (2,75050617,3,2017,'1969-12-31',3),
  (2,75050617,5,2017,'1969-12-31',5),
  (2,78136281,3,2017,'1969-12-31',2),
  (2,78136281,5,2017,'1969-12-31',2),
  (2,78293433,3,2017,'1969-12-31',4),
  (2,78293433,5,2017,'1969-12-31',3),
  (2,78442501,3,2017,'1969-12-31',9),
  (2,78442501,5,2017,'1969-12-31',9),
  (2,79905931,3,2017,'1969-12-31',4),
  (2,79905931,5,2017,'1969-12-31',3),
  (2,82940941,3,2017,'1969-12-31',6),
  (2,82940941,5,2017,'1969-12-31',3),
  (2,83660559,3,2017,'1969-12-31',7),
  (2,83660559,5,2017,'1969-12-31',9),
  (2,87231056,3,2017,'1969-12-31',2),
  (2,87231056,5,2017,'1969-12-31',4),
  (2,87259726,3,2017,'1969-12-31',10),
  (2,87259726,5,2017,'1969-12-31',7),
  (2,91872427,3,2017,'1969-12-31',3),
  (2,91872427,5,2017,'1969-12-31',4),
  (2,92535110,3,2017,'1969-12-31',10),
  (2,92535110,5,2017,'1969-12-31',4),
  (2,94991917,3,2017,'1969-12-31',6),
  (2,94991917,5,2017,'1969-12-31',3),
  (2,95160269,3,2017,'1969-12-31',5),
  (2,95160269,5,2017,'1969-12-31',7),
  (3,12196574,1,2017,'1969-12-31',8),
  (3,12791580,1,2017,'1969-12-31',10),
  (3,18930620,1,2017,'1969-12-31',8),
  (3,19312718,1,2017,'1969-12-31',5),
  (3,19312718,3,2017,'1969-12-31',7),
  (3,20101799,1,2017,'1969-12-31',4),
  (3,20101799,3,2017,'1969-12-31',2),
  (3,20479679,1,2017,'1969-12-31',10),
  (3,20479679,3,2017,'1969-12-31',9),
  (3,23160754,1,2017,'1969-12-31',9),
  (3,25485912,1,2017,'1969-12-31',4),
  (3,26706236,1,2017,'1969-12-31',9),
  (3,28009409,1,2017,'1969-12-31',7),
  (3,28571764,1,2017,'1969-12-31',8),
  (3,28571764,2,2017,'1969-12-31',3),
  (3,30587983,1,2017,'1969-12-31',1),
  (3,30587983,2,2017,'1969-12-31',2),
  (3,36798066,1,2017,'1969-12-31',1),
  (3,36798066,2,2017,'1969-12-31',7),
  (3,37419929,1,2017,'1969-12-31',10),
  (3,37419929,2,2017,'1969-12-31',10),
  (3,37806199,1,2017,'1969-12-31',8),
  (3,37806199,2,2017,'1969-12-31',6),
  (3,37806199,4,2017,'1969-12-31',2),
  (3,39381856,1,2017,'1969-12-31',9),
  (3,39381856,2,2017,'1969-12-31',7),
  (3,39381856,4,2017,'1969-12-31',10),
  (3,40391828,1,2017,'1969-12-31',3),
  (3,40391828,2,2017,'1969-12-31',5),
  (3,40391828,4,2017,'1969-12-31',2),
  (3,42214006,1,2017,'1969-12-31',4),
  (3,42214006,2,2017,'1969-12-31',8),
  (3,42214006,4,2017,'1969-12-31',1),
  (3,42430650,1,2017,'1969-12-31',5),
  (3,42430650,2,2017,'1969-12-31',6),
  (3,42430650,4,2017,'1969-12-31',1),
  (3,45345121,1,2017,'1969-12-31',2),
  (3,45345121,2,2017,'1969-12-31',3),
  (3,45345121,4,2017,'1969-12-31',3),
  (3,46354331,2,2017,'1969-12-31',8),
  (3,46354331,4,2017,'1969-12-31',10),
  (3,47267549,2,2017,'1969-12-31',4),
  (3,47267549,4,2017,'1969-12-31',8),
  (3,48522104,2,2017,'1969-12-31',4),
  (3,48522104,4,2017,'1969-12-31',2),
  (3,49218219,2,2017,'1969-12-31',6),
  (3,49218219,4,2017,'1969-12-31',1),
  (3,51317692,2,2017,'1969-12-31',1),
  (3,51317692,4,2017,'1969-12-31',3),
  (3,55345863,2,2017,'1969-12-31',3),
  (3,55345863,4,2017,'1969-12-31',4),
  (3,59072514,2,2017,'1969-12-31',9),
  (3,59072514,4,2017,'1969-12-31',3),
  (3,59903724,2,2017,'1969-12-31',2),
  (3,59903724,4,2017,'1969-12-31',9),
  (3,59903724,5,2017,'1969-12-31',5),
  (3,69063979,2,2017,'1969-12-31',10),
  (3,69063979,4,2017,'1969-12-31',10),
  (3,69063979,5,2017,'1969-12-31',3),
  (3,69545773,2,2017,'1969-12-31',8),
  (3,69545773,4,2017,'1969-12-31',3),
  (3,69545773,5,2017,'1969-12-31',4),
  (3,71486856,3,2017,'1969-12-31',2),
  (3,71486856,4,2017,'1969-12-31',9),
  (3,71486856,5,2017,'1969-12-31',8),
  (3,71550738,3,2017,'1969-12-31',8),
  (3,71550738,4,2017,'1969-12-31',2),
  (3,71550738,5,2017,'1969-12-31',4),
  (3,72042320,3,2017,'1969-12-31',3),
  (3,72042320,4,2017,'1969-12-31',3),
  (3,72042320,5,2017,'1969-12-31',5),
  (3,74488408,3,2017,'1969-12-31',4),
  (3,74488408,4,2017,'1969-12-31',9),
  (3,74488408,5,2017,'1969-12-31',7),
  (3,75050617,3,2017,'1969-12-31',1),
  (3,75050617,5,2017,'1969-12-31',7),
  (3,78136281,3,2017,'1969-12-31',4),
  (3,78136281,5,2017,'1969-12-31',7),
  (3,78293433,3,2017,'1969-12-31',10),
  (3,78293433,5,2017,'1969-12-31',1),
  (3,78442501,3,2017,'1969-12-31',8),
  (3,78442501,5,2017,'1969-12-31',5),
  (3,79905931,3,2017,'1969-12-31',1),
  (3,79905931,5,2017,'1969-12-31',6),
  (3,82940941,3,2017,'1969-12-31',4),
  (3,82940941,5,2017,'1969-12-31',6),
  (3,83660559,3,2017,'1969-12-31',3),
  (3,83660559,5,2017,'1969-12-31',6),
  (3,87231056,3,2017,'1969-12-31',1),
  (3,87231056,5,2017,'1969-12-31',4),
  (3,87259726,3,2017,'1969-12-31',3),
  (3,87259726,5,2017,'1969-12-31',8),
  (3,91872427,3,2017,'1969-12-31',10),
  (3,91872427,5,2017,'1969-12-31',4),
  (3,92535110,3,2017,'1969-12-31',7),
  (3,92535110,5,2017,'1969-12-31',3),
  (3,94991917,3,2017,'1969-12-31',4),
  (3,94991917,5,2017,'1969-12-31',1),
  (3,95160269,3,2017,'1969-12-31',9),
  (3,95160269,5,2017,'1969-12-31',5),
  (4,12196574,1,2017,'1969-12-31',7),
  (4,12791580,1,2017,'1969-12-31',10),
  (4,18930620,1,2017,'1969-12-31',3),
  (4,19312718,1,2017,'1969-12-31',1),
  (4,19312718,3,2017,'1969-12-31',3),
  (4,20101799,1,2017,'1969-12-31',1),
  (4,20101799,3,2017,'1969-12-31',6),
  (4,20479679,1,2017,'1969-12-31',1),
  (4,20479679,3,2017,'1969-12-31',1),
  (4,23160754,1,2017,'1969-12-31',5),
  (4,25485912,1,2017,'1969-12-31',2),
  (4,26706236,1,2017,'1969-12-31',3),
  (4,28009409,1,2017,'1969-12-31',4),
  (4,28571764,1,2017,'1969-12-31',10),
  (4,28571764,2,2017,'1969-12-31',5),
  (4,30587983,1,2017,'1969-12-31',10),
  (4,30587983,2,2017,'1969-12-31',6),
  (4,36798066,1,2017,'1969-12-31',1),
  (4,36798066,2,2017,'1969-12-31',9),
  (4,37419929,1,2017,'1969-12-31',2),
  (4,37419929,2,2017,'1969-12-31',9),
  (4,37806199,1,2017,'1969-12-31',10),
  (4,37806199,2,2017,'1969-12-31',3),
  (4,37806199,4,2017,'1969-12-31',9),
  (4,39381856,1,2017,'1969-12-31',4),
  (4,39381856,2,2017,'1969-12-31',8),
  (4,39381856,4,2017,'1969-12-31',6),
  (4,40391828,1,2017,'1969-12-31',4),
  (4,40391828,2,2017,'1969-12-31',4),
  (4,40391828,4,2017,'1969-12-31',6),
  (4,42214006,1,2017,'1969-12-31',1),
  (4,42214006,2,2017,'1969-12-31',7),
  (4,42214006,4,2017,'1969-12-31',1),
  (4,42430650,1,2017,'1969-12-31',4),
  (4,42430650,2,2017,'1969-12-31',2),
  (4,42430650,4,2017,'1969-12-31',10),
  (4,45345121,1,2017,'1969-12-31',7),
  (4,45345121,2,2017,'1969-12-31',2),
  (4,45345121,4,2017,'1969-12-31',3),
  (4,46354331,2,2017,'1969-12-31',4),
  (4,46354331,4,2017,'1969-12-31',5),
  (4,47267549,2,2017,'1969-12-31',8),
  (4,47267549,4,2017,'1969-12-31',8),
  (4,48522104,2,2017,'1969-12-31',7),
  (4,48522104,4,2017,'1969-12-31',1),
  (4,49218219,2,2017,'1969-12-31',4),
  (4,49218219,4,2017,'1969-12-31',10),
  (4,51317692,2,2017,'1969-12-31',2),
  (4,51317692,4,2017,'1969-12-31',3),
  (4,55345863,2,2017,'1969-12-31',9),
  (4,55345863,4,2017,'1969-12-31',1),
  (4,59072514,2,2017,'1969-12-31',3),
  (4,59072514,4,2017,'1969-12-31',7),
  (4,59903724,2,2017,'1969-12-31',8),
  (4,59903724,4,2017,'1969-12-31',10),
  (4,59903724,5,2017,'1969-12-31',10),
  (4,69063979,2,2017,'1969-12-31',3),
  (4,69063979,4,2017,'1969-12-31',7),
  (4,69063979,5,2017,'1969-12-31',1),
  (4,69545773,2,2017,'1969-12-31',2),
  (4,69545773,4,2017,'1969-12-31',4),
  (4,69545773,5,2017,'1969-12-31',5),
  (4,71486856,3,2017,'1969-12-31',8),
  (4,71486856,4,2017,'1969-12-31',10),
  (4,71486856,5,2017,'1969-12-31',1),
  (4,71550738,3,2017,'1969-12-31',2),
  (4,71550738,4,2017,'1969-12-31',10),
  (4,71550738,5,2017,'1969-12-31',4),
  (4,72042320,3,2017,'1969-12-31',6),
  (4,72042320,4,2017,'1969-12-31',2),
  (4,72042320,5,2017,'1969-12-31',4),
  (4,74488408,3,2017,'1969-12-31',2),
  (4,74488408,4,2017,'1969-12-31',6),
  (4,74488408,5,2017,'1969-12-31',9),
  (4,75050617,3,2017,'1969-12-31',3),
  (4,75050617,5,2017,'1969-12-31',1),
  (4,78136281,3,2017,'1969-12-31',1),
  (4,78136281,5,2017,'1969-12-31',8),
  (4,78293433,3,2017,'1969-12-31',10),
  (4,78293433,5,2017,'1969-12-31',2),
  (4,78442501,3,2017,'1969-12-31',5),
  (4,78442501,5,2017,'1969-12-31',1),
  (4,79905931,3,2017,'1969-12-31',1),
  (4,79905931,5,2017,'1969-12-31',5),
  (4,82940941,3,2017,'1969-12-31',4),
  (4,82940941,5,2017,'1969-12-31',9),
  (4,83660559,3,2017,'1969-12-31',7),
  (4,83660559,5,2017,'1969-12-31',1),
  (4,87231056,3,2017,'1969-12-31',5),
  (4,87231056,5,2017,'1969-12-31',7),
  (4,87259726,3,2017,'1969-12-31',9),
  (4,87259726,5,2017,'1969-12-31',5),
  (4,91872427,3,2017,'1969-12-31',10),
  (4,91872427,5,2017,'1969-12-31',7),
  (4,92535110,3,2017,'1969-12-31',6),
  (4,92535110,5,2017,'1969-12-31',3),
  (4,94991917,3,2017,'1969-12-31',10),
  (4,94991917,5,2017,'1969-12-31',3),
  (4,95160269,3,2017,'1969-12-31',3),
  (4,95160269,5,2017,'1969-12-31',7);

COMMIT;

#
# Data for the `schedule_time` table  (LIMIT 0,500)
#

INSERT INTO `schedule_time` (`idCourse`, `idDay`, `hoursByDay`, `from`, `upTo`) VALUES 
  (1,1,2,9,11),
  (1,2,2,9,11),
  (1,4,2,8,10),
  (2,3,2,8,10),
  (2,4,2,11,13),
  (2,6,2,7,9),
  (2,7,2,11,13),
  (3,1,2,8,11),
  (3,5,2,12,14),
  (3,6,1,8,9),
  (4,3,3,15,18),
  (4,4,3,14,17),
  (5,7,2,16,18);

COMMIT;

